Station_ID,Station_Name,Basin,Month,Month_Name,LTMM_mm_month,N_Years
AB0004,KH.EL-WAHADNEH,N.R.S.W,1,January,87.49,20
AB0004,KH.EL-WAHADNEH,N.R.S.W,2,February,81.74,20
AB0004,KH.EL-WAHADNEH,N.R.S.W,3,March,53.025,20
AB0004,KH.EL-WAHADNEH,N.R.S.W,4,April,11.58,20
AB0004,KH.EL-WAHADNEH,N.R.S.W,5,May,7.36,20
AB0004,KH.EL-WAHADNEH,N.R.S.W,6,June,0,20
AB0004,KH.EL-WAHADNEH,N.R.S.W,7,July,0,20
AB0004,KH.EL-WAHADNEH,N.R.S.W,8,August,0,20
AB0004,KH.EL-WAHADNEH,N.R.S.W,9,September,0,20
AB0004,KH.EL-WAHADNEH,N.R.S.W,10,October,11.7,20
AB0004,KH.EL-WAHADNEH,N.R.S.W,11,November,30.38,20
AB0004,KH.EL-WAHADNEH,N.R.S.W,12,December,63.42,20
AD0002,HARTHA,YARMOUK (JORDAN),1,January,85.035,20
AD0002,HARTHA,YARMOUK (JORDAN),2,February,92.47,20
AD0002,HARTHA,YARMOUK (JORDAN),3,March,52.925,20
AD0002,HARTHA,YARMOUK (JORDAN),4,April,19.17,20
AD0002,HARTHA,YARMOUK (JORDAN),5,May,3.895,20
AD0002,HARTHA,YARMOUK (JORDAN),6,June,0,20
AD0002,HARTHA,YARMOUK (JORDAN),7,July,0,20
AD0002,HARTHA,YARMOUK (JORDAN),8,August,0,20
AD0002,HARTHA,YARMOUK (JORDAN),9,September,0,20
AD0002,HARTHA,YARMOUK (JORDAN),10,October,9.21,20
AD0002,HARTHA,YARMOUK (JORDAN),11,November,21.38,20
AD0002,HARTHA,YARMOUK (JORDAN),12,December,71.79,20
AD0005,UM QEIS,YARMOUK (JORDAN),1,January,92.105,20
AD0005,UM QEIS,YARMOUK (JORDAN),2,February,80.94,20
AD0005,UM QEIS,YARMOUK (JORDAN),3,March,58.33,20
AD0005,UM QEIS,YARMOUK (JORDAN),4,April,18.73,20
AD0005,UM QEIS,YARMOUK (JORDAN),5,May,5.505,20
AD0005,UM QEIS,YARMOUK (JORDAN),6,June,0,20
AD0005,UM QEIS,YARMOUK (JORDAN),7,July,0,20
AD0005,UM QEIS,YARMOUK (JORDAN),8,August,0,20
AD0005,UM QEIS,YARMOUK (JORDAN),9,September,0,20
AD0005,UM QEIS,YARMOUK (JORDAN),10,October,10.01,20
AD0005,UM QEIS,YARMOUK (JORDAN),11,November,30.825,20
AD0005,UM QEIS,YARMOUK (JORDAN),12,December,78.315,20
AD0008,KHARJA,YARMOUK (JORDAN),1,January,94.335,20
AD0008,KHARJA,YARMOUK (JORDAN),2,February,93.44,20
AD0008,KHARJA,YARMOUK (JORDAN),3,March,60.355,20
AD0008,KHARJA,YARMOUK (JORDAN),4,April,19.355,20
AD0008,KHARJA,YARMOUK (JORDAN),5,May,3.015,20
AD0008,KHARJA,YARMOUK (JORDAN),6,June,0,20
AD0008,KHARJA,YARMOUK (JORDAN),7,July,0,20
AD0008,KHARJA,YARMOUK (JORDAN),8,August,0,20
AD0008,KHARJA,YARMOUK (JORDAN),9,September,0,20
AD0008,KHARJA,YARMOUK (JORDAN),10,October,8.745,20
AD0008,KHARJA,YARMOUK (JORDAN),11,November,27.325,20
AD0008,KHARJA,YARMOUK (JORDAN),12,December,72.25,20
AD0011,EN NUEIYIME,YARMOUK (JORDAN),1,January,61.72,20
AD0011,EN NUEIYIME,YARMOUK (JORDAN),2,February,68.5,20
AD0011,EN NUEIYIME,YARMOUK (JORDAN),3,March,37.8,20
AD0011,EN NUEIYIME,YARMOUK (JORDAN),4,April,10.38,20
AD0011,EN NUEIYIME,YARMOUK (JORDAN),5,May,3.2,20
AD0011,EN NUEIYIME,YARMOUK (JORDAN),6,June,0,20
AD0011,EN NUEIYIME,YARMOUK (JORDAN),7,July,0,20
AD0011,EN NUEIYIME,YARMOUK (JORDAN),8,August,0,20
AD0011,EN NUEIYIME,YARMOUK (JORDAN),9,September,0,20
AD0011,EN NUEIYIME,YARMOUK (JORDAN),10,October,7.06,20
AD0011,EN NUEIYIME,YARMOUK (JORDAN),11,November,22.595,20
AD0011,EN NUEIYIME,YARMOUK (JORDAN),12,December,40.2,20
AD0023,JABER MUGHAYYIR,YARMOUK (JORDAN),1,January,38.305,20
AD0023,JABER MUGHAYYIR,YARMOUK (JORDAN),2,February,46.135,20
AD0023,JABER MUGHAYYIR,YARMOUK (JORDAN),3,March,15.675,20
AD0023,JABER MUGHAYYIR,YARMOUK (JORDAN),4,April,5.86,20
AD0023,JABER MUGHAYYIR,YARMOUK (JORDAN),5,May,1.75,20
AD0023,JABER MUGHAYYIR,YARMOUK (JORDAN),6,June,0,20
AD0023,JABER MUGHAYYIR,YARMOUK (JORDAN),7,July,0,20
AD0023,JABER MUGHAYYIR,YARMOUK (JORDAN),8,August,0,20
AD0023,JABER MUGHAYYIR,YARMOUK (JORDAN),9,September,0,20
AD0023,JABER MUGHAYYIR,YARMOUK (JORDAN),10,October,3.765,20
AD0023,JABER MUGHAYYIR,YARMOUK (JORDAN),11,November,15.16,20
AD0023,JABER MUGHAYYIR,YARMOUK (JORDAN),12,December,29.4,20
AD0032,BAQURA MET.STATION (METEO DEPT),JORDAN VALLY (JORDAN),1,January,80.195,20
AD0032,BAQURA MET.STATION (METEO DEPT),JORDAN VALLY (JORDAN),2,February,70.17,20
AD0032,BAQURA MET.STATION (METEO DEPT),JORDAN VALLY (JORDAN),3,March,43.54,20
AD0032,BAQURA MET.STATION (METEO DEPT),JORDAN VALLY (JORDAN),4,April,12.895,20
AD0032,BAQURA MET.STATION (METEO DEPT),JORDAN VALLY (JORDAN),5,May,6.555,20
AD0032,BAQURA MET.STATION (METEO DEPT),JORDAN VALLY (JORDAN),6,June,0,20
AD0032,BAQURA MET.STATION (METEO DEPT),JORDAN VALLY (JORDAN),7,July,0,20
AD0032,BAQURA MET.STATION (METEO DEPT),JORDAN VALLY (JORDAN),8,August,0,20
AD0032,BAQURA MET.STATION (METEO DEPT),JORDAN VALLY (JORDAN),9,September,0,20
AD0032,BAQURA MET.STATION (METEO DEPT),JORDAN VALLY (JORDAN),10,October,14.38,20
AD0032,BAQURA MET.STATION (METEO DEPT),JORDAN VALLY (JORDAN),11,November,29.83,20
AD0032,BAQURA MET.STATION (METEO DEPT),JORDAN VALLY (JORDAN),12,December,65.145,20
AE0003,KAFR YUBA,N.R.S.W,1,January,100.545,20
AE0003,KAFR YUBA,N.R.S.W,2,February,108.17,20
AE0003,KAFR YUBA,N.R.S.W,3,March,66.01,20
AE0003,KAFR YUBA,N.R.S.W,4,April,21.715,20
AE0003,KAFR YUBA,N.R.S.W,5,May,4.775,20
AE0003,KAFR YUBA,N.R.S.W,6,June,0,20
AE0003,KAFR YUBA,N.R.S.W,7,July,0,20
AE0003,KAFR YUBA,N.R.S.W,8,August,0,20
AE0003,KAFR YUBA,N.R.S.W,9,September,0,20
AE0003,KAFR YUBA,N.R.S.W,10,October,18.375,20
AE0003,KAFR YUBA,N.R.S.W,11,November,37.615,20
AE0003,KAFR YUBA,N.R.S.W,12,December,70.155,20
AE0004,KAFR ASAD,N.R.S.W,1,January,101.49,20
AE0004,KAFR ASAD,N.R.S.W,2,February,99.84,20
AE0004,KAFR ASAD,N.R.S.W,3,March,63.31,20
AE0004,KAFR ASAD,N.R.S.W,4,April,18.75,20
AE0004,KAFR ASAD,N.R.S.W,5,May,6.885,20
AE0004,KAFR ASAD,N.R.S.W,6,June,0,20
AE0004,KAFR ASAD,N.R.S.W,7,July,0,20
AE0004,KAFR ASAD,N.R.S.W,8,August,0,20
AE0004,KAFR ASAD,N.R.S.W,9,September,0,20
AE0004,KAFR ASAD,N.R.S.W,10,October,11.52,20
AE0004,KAFR ASAD,N.R.S.W,11,November,36.65,20
AE0004,KAFR ASAD,N.R.S.W,12,December,82.705,20
AH0002,WADI EL-YABIS,JORDAN VALLY (JORDAN),1,January,63.56,20
AH0002,WADI EL-YABIS,JORDAN VALLY (JORDAN),2,February,57.4,20
AH0002,WADI EL-YABIS,JORDAN VALLY (JORDAN),3,March,42.195,20
AH0002,WADI EL-YABIS,JORDAN VALLY (JORDAN),4,April,9.995,20
AH0002,WADI EL-YABIS,JORDAN VALLY (JORDAN),5,May,4.7,20
AH0002,WADI EL-YABIS,JORDAN VALLY (JORDAN),6,June,0,20
AH0002,WADI EL-YABIS,JORDAN VALLY (JORDAN),7,July,0,20
AH0002,WADI EL-YABIS,JORDAN VALLY (JORDAN),8,August,0,20
AH0002,WADI EL-YABIS,JORDAN VALLY (JORDAN),9,September,0,20
AH0002,WADI EL-YABIS,JORDAN VALLY (JORDAN),10,October,11.39,20
AH0002,WADI EL-YABIS,JORDAN VALLY (JORDAN),11,November,21.745,20
AH0002,WADI EL-YABIS,JORDAN VALLY (JORDAN),12,December,50.24,20
AJ0001,AJLUN POLICE POST,N.R.S.W,1,January,154.7,20
AJ0001,AJLUN POLICE POST,N.R.S.W,2,February,133.1,20
AJ0001,AJLUN POLICE POST,N.R.S.W,3,March,103.695,20
AJ0001,AJLUN POLICE POST,N.R.S.W,4,April,22.065,20
AJ0001,AJLUN POLICE POST,N.R.S.W,5,May,8.295,20
AJ0001,AJLUN POLICE POST,N.R.S.W,6,June,0,20
AJ0001,AJLUN POLICE POST,N.R.S.W,7,July,0,20
AJ0001,AJLUN POLICE POST,N.R.S.W,8,August,0,20
AJ0001,AJLUN POLICE POST,N.R.S.W,9,September,0,20
AJ0001,AJLUN POLICE POST,N.R.S.W,10,October,15.875,20
AJ0001,AJLUN POLICE POST,N.R.S.W,11,November,37.96,20
AJ0001,AJLUN POLICE POST,N.R.S.W,12,December,108.925,20
AL0008,ALUK,AMMAN ZARQA (JORDAN),1,January,47.465,20
AL0008,ALUK,AMMAN ZARQA (JORDAN),2,February,57.405,20
AL0008,ALUK,AMMAN ZARQA (JORDAN),3,March,28.965,20
AL0008,ALUK,AMMAN ZARQA (JORDAN),4,April,5.72,20
AL0008,ALUK,AMMAN ZARQA (JORDAN),5,May,3.275,20
AL0008,ALUK,AMMAN ZARQA (JORDAN),6,June,0,20
AL0008,ALUK,AMMAN ZARQA (JORDAN),7,July,0,20
AL0008,ALUK,AMMAN ZARQA (JORDAN),8,August,0,20
AL0008,ALUK,AMMAN ZARQA (JORDAN),9,September,0,20
AL0008,ALUK,AMMAN ZARQA (JORDAN),10,October,3.335,20
AL0008,ALUK,AMMAN ZARQA (JORDAN),11,November,19.18,20
AL0008,ALUK,AMMAN ZARQA (JORDAN),12,December,41.605,20
AL0010,DEIR ALLA AGR. STATION,JORDAN VALLY (JORDAN),1,January,65.15,20
AL0010,DEIR ALLA AGR. STATION,JORDAN VALLY (JORDAN),2,February,51.145,20
AL0010,DEIR ALLA AGR. STATION,JORDAN VALLY (JORDAN),3,March,37.665,20
AL0010,DEIR ALLA AGR. STATION,JORDAN VALLY (JORDAN),4,April,11.985,20
AL0010,DEIR ALLA AGR. STATION,JORDAN VALLY (JORDAN),5,May,4.805,20
AL0010,DEIR ALLA AGR. STATION,JORDAN VALLY (JORDAN),6,June,0,20
AL0010,DEIR ALLA AGR. STATION,JORDAN VALLY (JORDAN),7,July,0,20
AL0010,DEIR ALLA AGR. STATION,JORDAN VALLY (JORDAN),8,August,0,20
AL0010,DEIR ALLA AGR. STATION,JORDAN VALLY (JORDAN),9,September,0,20
AL0010,DEIR ALLA AGR. STATION,JORDAN VALLY (JORDAN),10,October,6.8,20
AL0010,DEIR ALLA AGR. STATION,JORDAN VALLY (JORDAN),11,November,22.565,20
AL0010,DEIR ALLA AGR. STATION,JORDAN VALLY (JORDAN),12,December,45.69,20
AL0016,RUSEIFA,AMMAN ZARQA (JORDAN),1,January,33.61,20
AL0016,RUSEIFA,AMMAN ZARQA (JORDAN),2,February,31.735,20
AL0016,RUSEIFA,AMMAN ZARQA (JORDAN),3,March,18.585,20
AL0016,RUSEIFA,AMMAN ZARQA (JORDAN),4,April,3.82,20
AL0016,RUSEIFA,AMMAN ZARQA (JORDAN),5,May,1.98,20
AL0016,RUSEIFA,AMMAN ZARQA (JORDAN),6,June,0,20
AL0016,RUSEIFA,AMMAN ZARQA (JORDAN),7,July,0,20
AL0016,RUSEIFA,AMMAN ZARQA (JORDAN),8,August,0,20
AL0016,RUSEIFA,AMMAN ZARQA (JORDAN),9,September,0,20
AL0016,RUSEIFA,AMMAN ZARQA (JORDAN),10,October,3.215,20
AL0016,RUSEIFA,AMMAN ZARQA (JORDAN),11,November,7.845,20
AL0016,RUSEIFA,AMMAN ZARQA (JORDAN),12,December,25.085,20
AL0047,SIHAN,AMMAN ZARQA (JORDAN),1,January,92.22,20
AL0047,SIHAN,AMMAN ZARQA (JORDAN),2,February,82.195,20
AL0047,SIHAN,AMMAN ZARQA (JORDAN),3,March,71.18,20
AL0047,SIHAN,AMMAN ZARQA (JORDAN),4,April,13.375,20
AL0047,SIHAN,AMMAN ZARQA (JORDAN),5,May,4.135,20
AL0047,SIHAN,AMMAN ZARQA (JORDAN),6,June,0,20
AL0047,SIHAN,AMMAN ZARQA (JORDAN),7,July,0,20
AL0047,SIHAN,AMMAN ZARQA (JORDAN),8,August,0,20
AL0047,SIHAN,AMMAN ZARQA (JORDAN),9,September,0,20
AL0047,SIHAN,AMMAN ZARQA (JORDAN),10,October,6.625,20
AL0047,SIHAN,AMMAN ZARQA (JORDAN),11,November,26.835,20
AL0047,SIHAN,AMMAN ZARQA (JORDAN),12,December,63.81,20
AL0055,WADI DHULEIL NURSERY (METEO DEPT),AMMAN ZARQA (JORDAN),1,January,30.57,20
AL0055,WADI DHULEIL NURSERY (METEO DEPT),AMMAN ZARQA (JORDAN),2,February,25.555,20
AL0055,WADI DHULEIL NURSERY (METEO DEPT),AMMAN ZARQA (JORDAN),3,March,16.52,20
AL0055,WADI DHULEIL NURSERY (METEO DEPT),AMMAN ZARQA (JORDAN),4,April,2.91,20
AL0055,WADI DHULEIL NURSERY (METEO DEPT),AMMAN ZARQA (JORDAN),5,May,1.8,20
AL0055,WADI DHULEIL NURSERY (METEO DEPT),AMMAN ZARQA (JORDAN),6,June,0,20
AL0055,WADI DHULEIL NURSERY (METEO DEPT),AMMAN ZARQA (JORDAN),7,July,0,20
AL0055,WADI DHULEIL NURSERY (METEO DEPT),AMMAN ZARQA (JORDAN),8,August,0,20
AL0055,WADI DHULEIL NURSERY (METEO DEPT),AMMAN ZARQA (JORDAN),9,September,0,20
AL0055,WADI DHULEIL NURSERY (METEO DEPT),AMMAN ZARQA (JORDAN),10,October,2.865,20
AL0055,WADI DHULEIL NURSERY (METEO DEPT),AMMAN ZARQA (JORDAN),11,November,9.415,20
AL0055,WADI DHULEIL NURSERY (METEO DEPT),AMMAN ZARQA (JORDAN),12,December,18.665,20
AL0057,WADI ES-SIR (NRA)YARD,AMMAN ZARQA (JORDAN),1,January,121.61,20
AL0057,WADI ES-SIR (NRA)YARD,AMMAN ZARQA (JORDAN),2,February,103.115,20
AL0057,WADI ES-SIR (NRA)YARD,AMMAN ZARQA (JORDAN),3,March,75.11,20
AL0057,WADI ES-SIR (NRA)YARD,AMMAN ZARQA (JORDAN),4,April,16.205,20
AL0057,WADI ES-SIR (NRA)YARD,AMMAN ZARQA (JORDAN),5,May,3.61,20
AL0057,WADI ES-SIR (NRA)YARD,AMMAN ZARQA (JORDAN),6,June,0,20
AL0057,WADI ES-SIR (NRA)YARD,AMMAN ZARQA (JORDAN),7,July,0,20
AL0057,WADI ES-SIR (NRA)YARD,AMMAN ZARQA (JORDAN),8,August,0,20
AL0057,WADI ES-SIR (NRA)YARD,AMMAN ZARQA (JORDAN),9,September,0,20
AL0057,WADI ES-SIR (NRA)YARD,AMMAN ZARQA (JORDAN),10,October,6.69,20
AL0057,WADI ES-SIR (NRA)YARD,AMMAN ZARQA (JORDAN),11,November,31.755,20
AL0057,WADI ES-SIR (NRA)YARD,AMMAN ZARQA (JORDAN),12,December,80.295,20
AL0058,SABHA AND SUBHIYEH,AMMAN ZARQA (JORDAN),1,January,24.58,20
AL0058,SABHA AND SUBHIYEH,AMMAN ZARQA (JORDAN),2,February,19.41,20
AL0058,SABHA AND SUBHIYEH,AMMAN ZARQA (JORDAN),3,March,13.45,20
AL0058,SABHA AND SUBHIYEH,AMMAN ZARQA (JORDAN),4,April,3.82,20
AL0058,SABHA AND SUBHIYEH,AMMAN ZARQA (JORDAN),5,May,1.09,20
AL0058,SABHA AND SUBHIYEH,AMMAN ZARQA (JORDAN),6,June,0,20
AL0058,SABHA AND SUBHIYEH,AMMAN ZARQA (JORDAN),7,July,0,20
AL0058,SABHA AND SUBHIYEH,AMMAN ZARQA (JORDAN),8,August,0,20
AL0058,SABHA AND SUBHIYEH,AMMAN ZARQA (JORDAN),9,September,0,20
AL0058,SABHA AND SUBHIYEH,AMMAN ZARQA (JORDAN),10,October,3.33,20
AL0058,SABHA AND SUBHIYEH,AMMAN ZARQA (JORDAN),11,November,9.12,20
AL0058,SABHA AND SUBHIYEH,AMMAN ZARQA (JORDAN),12,December,18.135,20
AM0001,SALT,S.R.S.W,1,January,136.63,20
AM0001,SALT,S.R.S.W,2,February,118.39,20
AM0001,SALT,S.R.S.W,3,March,87.085,20
AM0001,SALT,S.R.S.W,4,April,20.1,20
AM0001,SALT,S.R.S.W,5,May,5.96,20
AM0001,SALT,S.R.S.W,6,June,0,20
AM0001,SALT,S.R.S.W,7,July,0,20
AM0001,SALT,S.R.S.W,8,August,0,20
AM0001,SALT,S.R.S.W,9,September,0,20
AM0001,SALT,S.R.S.W,10,October,7.73,20
AM0001,SALT,S.R.S.W,11,November,37.78,20
AM0001,SALT,S.R.S.W,12,December,94.015,20
AM0002,"W.SHU,EIB AGR.STATION",S.R.S.W,1,January,88.41,20
AM0002,"W.SHU,EIB AGR.STATION",S.R.S.W,2,February,69.315,20
AM0002,"W.SHU,EIB AGR.STATION",S.R.S.W,3,March,53.26,20
AM0002,"W.SHU,EIB AGR.STATION",S.R.S.W,4,April,14.165,20
AM0002,"W.SHU,EIB AGR.STATION",S.R.S.W,5,May,3.145,20
AM0002,"W.SHU,EIB AGR.STATION",S.R.S.W,6,June,0,20
AM0002,"W.SHU,EIB AGR.STATION",S.R.S.W,7,July,0,20
AM0002,"W.SHU,EIB AGR.STATION",S.R.S.W,8,August,0,20
AM0002,"W.SHU,EIB AGR.STATION",S.R.S.W,9,September,0,20
AM0002,"W.SHU,EIB AGR.STATION",S.R.S.W,10,October,4.48,20
AM0002,"W.SHU,EIB AGR.STATION",S.R.S.W,11,November,24.595,20
AM0002,"W.SHU,EIB AGR.STATION",S.R.S.W,12,December,61.46,20
AM0006,IRA,S.R.S.W,1,January,53.48,20
AM0006,IRA,S.R.S.W,2,February,48.835,20
AM0006,IRA,S.R.S.W,3,March,37.635,20
AM0006,IRA,S.R.S.W,4,April,9.645,20
AM0006,IRA,S.R.S.W,5,May,3.53,20
AM0006,IRA,S.R.S.W,6,June,0,20
AM0006,IRA,S.R.S.W,7,July,0,20
AM0006,IRA,S.R.S.W,8,August,0,20
AM0006,IRA,S.R.S.W,9,September,0,20
AM0006,IRA,S.R.S.W,10,October,5.725,20
AM0006,IRA,S.R.S.W,11,November,16.61,20
AM0006,IRA,S.R.S.W,12,December,41.87,20
AN0003,NA'UR,S.R.S.W,1,January,95.895,20
AN0003,NA'UR,S.R.S.W,2,February,88.15,20
AN0003,NA'UR,S.R.S.W,3,March,53.9,20
AN0003,NA'UR,S.R.S.W,4,April,10.695,20
AN0003,NA'UR,S.R.S.W,5,May,3.56,20
AN0003,NA'UR,S.R.S.W,6,June,0,20
AN0003,NA'UR,S.R.S.W,7,July,0,20
AN0003,NA'UR,S.R.S.W,8,August,0,20
AN0003,NA'UR,S.R.S.W,9,September,0,20
AN0003,NA'UR,S.R.S.W,10,October,8.97,20
AN0003,NA'UR,S.R.S.W,11,November,23.5,20
AN0003,NA'UR,S.R.S.W,12,December,68.23,20
CA0002,KHANZIRA (TAIYBAT EL-KARAK),D.S.R.S.W,1,January,53.51,20
CA0002,KHANZIRA (TAIYBAT EL-KARAK),D.S.R.S.W,2,February,53.43,20
CA0002,KHANZIRA (TAIYBAT EL-KARAK),D.S.R.S.W,3,March,26.395,20
CA0002,KHANZIRA (TAIYBAT EL-KARAK),D.S.R.S.W,4,April,10.58,20
CA0002,KHANZIRA (TAIYBAT EL-KARAK),D.S.R.S.W,5,May,4.575,20
CA0002,KHANZIRA (TAIYBAT EL-KARAK),D.S.R.S.W,6,June,0,20
CA0002,KHANZIRA (TAIYBAT EL-KARAK),D.S.R.S.W,7,July,0,20
CA0002,KHANZIRA (TAIYBAT EL-KARAK),D.S.R.S.W,8,August,0,20
CA0002,KHANZIRA (TAIYBAT EL-KARAK),D.S.R.S.W,9,September,0,20
CA0002,KHANZIRA (TAIYBAT EL-KARAK),D.S.R.S.W,10,October,2.385,20
CA0002,KHANZIRA (TAIYBAT EL-KARAK),D.S.R.S.W,11,November,6.19,20
CA0002,KHANZIRA (TAIYBAT EL-KARAK),D.S.R.S.W,12,December,27.45,20
CA0004,AIY,D.S.R.S.W,1,January,68.045,20
CA0004,AIY,D.S.R.S.W,2,February,69.205,20
CA0004,AIY,D.S.R.S.W,3,March,33.64,20
CA0004,AIY,D.S.R.S.W,4,April,11.385,20
CA0004,AIY,D.S.R.S.W,5,May,4.715,20
CA0004,AIY,D.S.R.S.W,6,June,0,20
CA0004,AIY,D.S.R.S.W,7,July,0,20
CA0004,AIY,D.S.R.S.W,8,August,0,20
CA0004,AIY,D.S.R.S.W,9,September,0,20
CA0004,AIY,D.S.R.S.W,10,October,4.7,20
CA0004,AIY,D.S.R.S.W,11,November,11.475,20
CA0004,AIY,D.S.R.S.W,12,December,41.8,20
CA0006,MUHAI,MUJIB,1,January,45.805,20
CA0006,MUHAI,MUJIB,2,February,37.59,20
CA0006,MUHAI,MUJIB,3,March,20.855,20
CA0006,MUHAI,MUJIB,4,April,6.405,20
CA0006,MUHAI,MUJIB,5,May,1.775,20
CA0006,MUHAI,MUJIB,6,June,0,20
CA0006,MUHAI,MUJIB,7,July,0,20
CA0006,MUHAI,MUJIB,8,August,0,20
CA0006,MUHAI,MUJIB,9,September,0,20
CA0006,MUHAI,MUJIB,10,October,2.825,20
CA0006,MUHAI,MUJIB,11,November,3.095,20
CA0006,MUHAI,MUJIB,12,December,19.87,20
CC0001,MADABA,D.S.R.S.W,1,January,79.3,20
CC0001,MADABA,D.S.R.S.W,2,February,76.615,20
CC0001,MADABA,D.S.R.S.W,3,March,42.545,20
CC0001,MADABA,D.S.R.S.W,4,April,13.24,20
CC0001,MADABA,D.S.R.S.W,5,May,2.89,20
CC0001,MADABA,D.S.R.S.W,6,June,0,20
CC0001,MADABA,D.S.R.S.W,7,July,0,20
CC0001,MADABA,D.S.R.S.W,8,August,0,20
CC0001,MADABA,D.S.R.S.W,9,September,0,20
CC0001,MADABA,D.S.R.S.W,10,October,4.325,20
CC0001,MADABA,D.S.R.S.W,11,November,17.535,20
CC0001,MADABA,D.S.R.S.W,12,December,47.34,20
CC0002,MA'IN,D.S.R.S.W,1,January,69.125,20
CC0002,MA'IN,D.S.R.S.W,2,February,67.19,20
CC0002,MA'IN,D.S.R.S.W,3,March,38.12,20
CC0002,MA'IN,D.S.R.S.W,4,April,11.855,20
CC0002,MA'IN,D.S.R.S.W,5,May,2.32,20
CC0002,MA'IN,D.S.R.S.W,6,June,0,20
CC0002,MA'IN,D.S.R.S.W,7,July,0,20
CC0002,MA'IN,D.S.R.S.W,8,August,0,20
CC0002,MA'IN,D.S.R.S.W,9,September,0,20
CC0002,MA'IN,D.S.R.S.W,10,October,2.79,20
CC0002,MA'IN,D.S.R.S.W,11,November,14.515,20
CC0002,MA'IN,D.S.R.S.W,12,December,47.455,20
CC0004,MUSHAQQAR EVAP. ST,D.S.R.S.W,1,January,92.67,20
CC0004,MUSHAQQAR EVAP. ST,D.S.R.S.W,2,February,76.605,20
CC0004,MUSHAQQAR EVAP. ST,D.S.R.S.W,3,March,48.8,20
CC0004,MUSHAQQAR EVAP. ST,D.S.R.S.W,4,April,11.055,20
CC0004,MUSHAQQAR EVAP. ST,D.S.R.S.W,5,May,2.625,20
CC0004,MUSHAQQAR EVAP. ST,D.S.R.S.W,6,June,0,20
CC0004,MUSHAQQAR EVAP. ST,D.S.R.S.W,7,July,0,20
CC0004,MUSHAQQAR EVAP. ST,D.S.R.S.W,8,August,0,20
CC0004,MUSHAQQAR EVAP. ST,D.S.R.S.W,9,September,0,20
CC0004,MUSHAQQAR EVAP. ST,D.S.R.S.W,10,October,5.75,20
CC0004,MUSHAQQAR EVAP. ST,D.S.R.S.W,11,November,22.69,20
CC0004,MUSHAQQAR EVAP. ST,D.S.R.S.W,12,December,59.63,20
CD0005,JIZA,MUJIB,1,January,31.465,20
CD0005,JIZA,MUJIB,2,February,32.565,20
CD0005,JIZA,MUJIB,3,March,15.11,20
CD0005,JIZA,MUJIB,4,April,4.7,20
CD0005,JIZA,MUJIB,5,May,0.84,20
CD0005,JIZA,MUJIB,6,June,0,20
CD0005,JIZA,MUJIB,7,July,0,20
CD0005,JIZA,MUJIB,8,August,0,20
CD0005,JIZA,MUJIB,9,September,0,20
CD0005,JIZA,MUJIB,10,October,1.955,20
CD0005,JIZA,MUJIB,11,November,9.02,20
CD0005,JIZA,MUJIB,12,December,19.84,20
CD0007,DHIBAN,MUJIB,1,January,58.64,20
CD0007,DHIBAN,MUJIB,2,February,55.83,20
CD0007,DHIBAN,MUJIB,3,March,34.645,20
CD0007,DHIBAN,MUJIB,4,April,8.355,20
CD0007,DHIBAN,MUJIB,5,May,4.005,20
CD0007,DHIBAN,MUJIB,6,June,0,20
CD0007,DHIBAN,MUJIB,7,July,0,20
CD0007,DHIBAN,MUJIB,8,August,0,20
CD0007,DHIBAN,MUJIB,9,September,0,20
CD0007,DHIBAN,MUJIB,10,October,2.65,20
CD0007,DHIBAN,MUJIB,11,November,12.675,20
CD0007,DHIBAN,MUJIB,12,December,41.02,20
CD0009,HEMUD,MUJIB,1,January,56.19,20
CD0009,HEMUD,MUJIB,2,February,65.98,20
CD0009,HEMUD,MUJIB,3,March,32.885,20
CD0009,HEMUD,MUJIB,4,April,11.29,20
CD0009,HEMUD,MUJIB,5,May,3.975,20
CD0009,HEMUD,MUJIB,6,June,0,20
CD0009,HEMUD,MUJIB,7,July,0,20
CD0009,HEMUD,MUJIB,8,August,0,20
CD0009,HEMUD,MUJIB,9,September,0,20
CD0009,HEMUD,MUJIB,10,October,4.545,20
CD0009,HEMUD,MUJIB,11,November,7.805,20
CD0009,HEMUD,MUJIB,12,December,34.685,20
CD0010,RABBA EVAP.ST,MUJIB,1,January,72.22,20
CD0010,RABBA EVAP.ST,MUJIB,2,February,69.205,20
CD0010,RABBA EVAP.ST,MUJIB,3,March,40.55,20
CD0010,RABBA EVAP.ST,MUJIB,4,April,11.795,20
CD0010,RABBA EVAP.ST,MUJIB,5,May,5.075,20
CD0010,RABBA EVAP.ST,MUJIB,6,June,0,20
CD0010,RABBA EVAP.ST,MUJIB,7,July,0,20
CD0010,RABBA EVAP.ST,MUJIB,8,August,0,20
CD0010,RABBA EVAP.ST,MUJIB,9,September,0,20
CD0010,RABBA EVAP.ST,MUJIB,10,October,5.87,20
CD0010,RABBA EVAP.ST,MUJIB,11,November,14.75,20
CD0010,RABBA EVAP.ST,MUJIB,12,December,46.025,20
CD0011,QATRANA POLICE POST,MUJIB,1,January,25.29,20
CD0011,QATRANA POLICE POST,MUJIB,2,February,17.615,20
CD0011,QATRANA POLICE POST,MUJIB,3,March,10.32,20
CD0011,QATRANA POLICE POST,MUJIB,4,April,4.61,20
CD0011,QATRANA POLICE POST,MUJIB,5,May,2.435,20
CD0011,QATRANA POLICE POST,MUJIB,6,June,0,20
CD0011,QATRANA POLICE POST,MUJIB,7,July,0,20
CD0011,QATRANA POLICE POST,MUJIB,8,August,0,20
CD0011,QATRANA POLICE POST,MUJIB,9,September,0,20
CD0011,QATRANA POLICE POST,MUJIB,10,October,3.2,20
CD0011,QATRANA POLICE POST,MUJIB,11,November,4.505,20
CD0011,QATRANA POLICE POST,MUJIB,12,December,11.155,20
CD0029,SIRFA,D.S.R.S.W,1,January,73.88,20
CD0029,SIRFA,D.S.R.S.W,2,February,70.19,20
CD0029,SIRFA,D.S.R.S.W,3,March,35.5,20
CD0029,SIRFA,D.S.R.S.W,4,April,12.485,20
CD0029,SIRFA,D.S.R.S.W,5,May,4.3,20
CD0029,SIRFA,D.S.R.S.W,6,June,0,20
CD0029,SIRFA,D.S.R.S.W,7,July,0,20
CD0029,SIRFA,D.S.R.S.W,8,August,0,20
CD0029,SIRFA,D.S.R.S.W,9,September,0,20
CD0029,SIRFA,D.S.R.S.W,10,October,4.96,20
CD0029,SIRFA,D.S.R.S.W,11,November,15.875,20
CD0029,SIRFA,D.S.R.S.W,12,December,46.78,20
CE0002,AIN BISAS,D.S.R.S.W,1,January,66.52,20
CE0002,AIN BISAS,D.S.R.S.W,2,February,69.3,20
CE0002,AIN BISAS,D.S.R.S.W,3,March,34.455,20
CE0002,AIN BISAS,D.S.R.S.W,4,April,10.94,20
CE0002,AIN BISAS,D.S.R.S.W,5,May,3.415,20
CE0002,AIN BISAS,D.S.R.S.W,6,June,0,20
CE0002,AIN BISAS,D.S.R.S.W,7,July,0,20
CE0002,AIN BISAS,D.S.R.S.W,8,August,0,20
CE0002,AIN BISAS,D.S.R.S.W,9,September,0,20
CE0002,AIN BISAS,D.S.R.S.W,10,October,2.87,20
CE0002,AIN BISAS,D.S.R.S.W,11,November,11.285,20
CE0002,AIN BISAS,D.S.R.S.W,12,December,34.41,20
DB0001,TAFILE,W. ARABA NORTH,1,January,67.7,20
DB0001,TAFILE,W. ARABA NORTH,2,February,61.365,20
DB0001,TAFILE,W. ARABA NORTH,3,March,26.48,20
DB0001,TAFILE,W. ARABA NORTH,4,April,6.16,20
DB0001,TAFILE,W. ARABA NORTH,5,May,5.18,20
DB0001,TAFILE,W. ARABA NORTH,6,June,0,20
DB0001,TAFILE,W. ARABA NORTH,7,July,0,20
DB0001,TAFILE,W. ARABA NORTH,8,August,0,20
DB0001,TAFILE,W. ARABA NORTH,9,September,0,20
DB0001,TAFILE,W. ARABA NORTH,10,October,4.075,20
DB0001,TAFILE,W. ARABA NORTH,11,November,9.08,20
DB0001,TAFILE,W. ARABA NORTH,12,December,26.49,20
DB0002,PRINCE HASAN NURSERY (ABUR),HASA,1,January,53.305,20
DB0002,PRINCE HASAN NURSERY (ABUR),HASA,2,February,39.065,20
DB0002,PRINCE HASAN NURSERY (ABUR),HASA,3,March,26.92,20
DB0002,PRINCE HASAN NURSERY (ABUR),HASA,4,April,8.655,20
DB0002,PRINCE HASAN NURSERY (ABUR),HASA,5,May,4.035,20
DB0002,PRINCE HASAN NURSERY (ABUR),HASA,6,June,0,20
DB0002,PRINCE HASAN NURSERY (ABUR),HASA,7,July,0,20
DB0002,PRINCE HASAN NURSERY (ABUR),HASA,8,August,0,20
DB0002,PRINCE HASAN NURSERY (ABUR),HASA,9,September,0,20
DB0002,PRINCE HASAN NURSERY (ABUR),HASA,10,October,2.675,20
DB0002,PRINCE HASAN NURSERY (ABUR),HASA,11,November,7.28,20
DB0002,PRINCE HASAN NURSERY (ABUR),HASA,12,December,20.745,20
DC0002,RASHADIYA P.POST,W. ARABA NORTH,1,January,69.855,20
DC0002,RASHADIYA P.POST,W. ARABA NORTH,2,February,61.835,20
DC0002,RASHADIYA P.POST,W. ARABA NORTH,3,March,32.255,20
DC0002,RASHADIYA P.POST,W. ARABA NORTH,4,April,9.385,20
DC0002,RASHADIYA P.POST,W. ARABA NORTH,5,May,4.36,20
DC0002,RASHADIYA P.POST,W. ARABA NORTH,6,June,0,20
DC0002,RASHADIYA P.POST,W. ARABA NORTH,7,July,0,20
DC0002,RASHADIYA P.POST,W. ARABA NORTH,8,August,0,20
DC0002,RASHADIYA P.POST,W. ARABA NORTH,9,September,0,20
DC0002,RASHADIYA P.POST,W. ARABA NORTH,10,October,3.115,20
DC0002,RASHADIYA P.POST,W. ARABA NORTH,11,November,10.855,20
DC0002,RASHADIYA P.POST,W. ARABA NORTH,12,December,31.05,20
DG0001,WADI MOUSA,W. ARABA NORTH,1,January,43.53,20
DG0001,WADI MOUSA,W. ARABA NORTH,2,February,33.57,20
DG0001,WADI MOUSA,W. ARABA NORTH,3,March,12.675,20
DG0001,WADI MOUSA,W. ARABA NORTH,4,April,6.76,20
DG0001,WADI MOUSA,W. ARABA NORTH,5,May,4.12,20
DG0001,WADI MOUSA,W. ARABA NORTH,6,June,0,20
DG0001,WADI MOUSA,W. ARABA NORTH,7,July,0,20
DG0001,WADI MOUSA,W. ARABA NORTH,8,August,0,20
DG0001,WADI MOUSA,W. ARABA NORTH,9,September,0,20
DG0001,WADI MOUSA,W. ARABA NORTH,10,October,2.23,20
DG0001,WADI MOUSA,W. ARABA NORTH,11,November,4.13,20
DG0001,WADI MOUSA,W. ARABA NORTH,12,December,20.06,20
F 0002,H5 EVAP.ST (METEO DEPT),AZRAQ (JORDAN),1,January,12.615,20
F 0002,H5 EVAP.ST (METEO DEPT),AZRAQ (JORDAN),2,February,12.7,20
F 0002,H5 EVAP.ST (METEO DEPT),AZRAQ (JORDAN),3,March,6.305,20
F 0002,H5 EVAP.ST (METEO DEPT),AZRAQ (JORDAN),4,April,3.095,20
F 0002,H5 EVAP.ST (METEO DEPT),AZRAQ (JORDAN),5,May,1.195,20
F 0002,H5 EVAP.ST (METEO DEPT),AZRAQ (JORDAN),6,June,0,20
F 0002,H5 EVAP.ST (METEO DEPT),AZRAQ (JORDAN),7,July,0,20
F 0002,H5 EVAP.ST (METEO DEPT),AZRAQ (JORDAN),8,August,0,20
F 0002,H5 EVAP.ST (METEO DEPT),AZRAQ (JORDAN),9,September,0,20
F 0002,H5 EVAP.ST (METEO DEPT),AZRAQ (JORDAN),10,October,2.46,20
F 0002,H5 EVAP.ST (METEO DEPT),AZRAQ (JORDAN),11,November,6.105,20
F 0002,H5 EVAP.ST (METEO DEPT),AZRAQ (JORDAN),12,December,9.4,20
F 0004,DEIR EL-KAHF,AZRAQ (JORDAN),1,January,23.4,20
F 0004,DEIR EL-KAHF,AZRAQ (JORDAN),2,February,20.59,20
F 0004,DEIR EL-KAHF,AZRAQ (JORDAN),3,March,10.08,20
F 0004,DEIR EL-KAHF,AZRAQ (JORDAN),4,April,2.725,20
F 0004,DEIR EL-KAHF,AZRAQ (JORDAN),5,May,1.79,20
F 0004,DEIR EL-KAHF,AZRAQ (JORDAN),6,June,0,20
F 0004,DEIR EL-KAHF,AZRAQ (JORDAN),7,July,0,20
F 0004,DEIR EL-KAHF,AZRAQ (JORDAN),8,August,0,20
F 0004,DEIR EL-KAHF,AZRAQ (JORDAN),9,September,0,20
F 0004,DEIR EL-KAHF,AZRAQ (JORDAN),10,October,3.65,20
F 0004,DEIR EL-KAHF,AZRAQ (JORDAN),11,November,5.165,20
F 0004,DEIR EL-KAHF,AZRAQ (JORDAN),12,December,13.765,20
F 0009,AZRAQ EVAP .ST,AZRAQ (JORDAN),1,January,10.435,20
F 0009,AZRAQ EVAP .ST,AZRAQ (JORDAN),2,February,8.3,20
F 0009,AZRAQ EVAP .ST,AZRAQ (JORDAN),3,March,3.48,20
F 0009,AZRAQ EVAP .ST,AZRAQ (JORDAN),4,April,1.58,20
F 0009,AZRAQ EVAP .ST,AZRAQ (JORDAN),5,May,0.76,20
F 0009,AZRAQ EVAP .ST,AZRAQ (JORDAN),6,June,0,20
F 0009,AZRAQ EVAP .ST,AZRAQ (JORDAN),7,July,0,20
F 0009,AZRAQ EVAP .ST,AZRAQ (JORDAN),8,August,0,20
F 0009,AZRAQ EVAP .ST,AZRAQ (JORDAN),9,September,0,20
F 0009,AZRAQ EVAP .ST,AZRAQ (JORDAN),10,October,0.495,20
F 0009,AZRAQ EVAP .ST,AZRAQ (JORDAN),11,November,2.115,20
F 0009,AZRAQ EVAP .ST,AZRAQ (JORDAN),12,December,7.725,20
F 0011,EL-UMARI,AZRAQ (JORDAN),1,January,9.415,20
F 0011,EL-UMARI,AZRAQ (JORDAN),2,February,5.375,20
F 0011,EL-UMARI,AZRAQ (JORDAN),3,March,4.09,20
F 0011,EL-UMARI,AZRAQ (JORDAN),4,April,3.785,20
F 0011,EL-UMARI,AZRAQ (JORDAN),5,May,0.97,20
F 0011,EL-UMARI,AZRAQ (JORDAN),6,June,0,20
F 0011,EL-UMARI,AZRAQ (JORDAN),7,July,0,20
F 0011,EL-UMARI,AZRAQ (JORDAN),8,August,0,20
F 0011,EL-UMARI,AZRAQ (JORDAN),9,September,0,20
F 0011,EL-UMARI,AZRAQ (JORDAN),10,October,1.79,20
F 0011,EL-UMARI,AZRAQ (JORDAN),11,November,4.7,20
F 0011,EL-UMARI,AZRAQ (JORDAN),12,December,8.615,20
G 0004,BASTA,JAFER,1,January,32.095,20
G 0004,BASTA,JAFER,2,February,23.44,20
G 0004,BASTA,JAFER,3,March,13.59,20
G 0004,BASTA,JAFER,4,April,4.95,20
G 0004,BASTA,JAFER,5,May,1.13,20
G 0004,BASTA,JAFER,6,June,0,20
G 0004,BASTA,JAFER,7,July,0,20
G 0004,BASTA,JAFER,8,August,0,20
G 0004,BASTA,JAFER,9,September,0,20
G 0004,BASTA,JAFER,10,October,0.3,20
G 0004,BASTA,JAFER,11,November,5.175,20
G 0004,BASTA,JAFER,12,December,14.135,20
G 0005,SADAQA,JAFER,1,January,24.95,20
G 0005,SADAQA,JAFER,2,February,17.88,20
G 0005,SADAQA,JAFER,3,March,9.6,20
G 0005,SADAQA,JAFER,4,April,3.935,20
G 0005,SADAQA,JAFER,5,May,1.655,20
G 0005,SADAQA,JAFER,6,June,0,20
G 0005,SADAQA,JAFER,7,July,0,20
G 0005,SADAQA,JAFER,8,August,0,20
G 0005,SADAQA,JAFER,9,September,0,20
G 0005,SADAQA,JAFER,10,October,0.945,20
G 0005,SADAQA,JAFER,11,November,2.35,20
G 0005,SADAQA,JAFER,12,December,13.125,20
G 0006,QUREIN,JAFER,1,January,28.445,20
G 0006,QUREIN,JAFER,2,February,20.49,20
G 0006,QUREIN,JAFER,3,March,8.595,20
G 0006,QUREIN,JAFER,4,April,3.9,20
G 0006,QUREIN,JAFER,5,May,1.125,20
G 0006,QUREIN,JAFER,6,June,0,20
G 0006,QUREIN,JAFER,7,July,0,20
G 0006,QUREIN,JAFER,8,August,0,20
G 0006,QUREIN,JAFER,9,September,0,20
G 0006,QUREIN,JAFER,10,October,1.59,20
G 0006,QUREIN,JAFER,11,November,2.52,20
G 0006,QUREIN,JAFER,12,December,13.96,20
G 0007,MA'AN RAIL WAY STATION (METEO DEPT),JAFER,1,January,8.48,20
G 0007,MA'AN RAIL WAY STATION (METEO DEPT),JAFER,2,February,6.36,20
G 0007,MA'AN RAIL WAY STATION (METEO DEPT),JAFER,3,March,3.45,20
G 0007,MA'AN RAIL WAY STATION (METEO DEPT),JAFER,4,April,3.37,20
G 0007,MA'AN RAIL WAY STATION (METEO DEPT),JAFER,5,May,1.415,20
G 0007,MA'AN RAIL WAY STATION (METEO DEPT),JAFER,6,June,0,20
G 0007,MA'AN RAIL WAY STATION (METEO DEPT),JAFER,7,July,0,20
G 0007,MA'AN RAIL WAY STATION (METEO DEPT),JAFER,8,August,0,20
G 0007,MA'AN RAIL WAY STATION (METEO DEPT),JAFER,9,September,0,20
G 0007,MA'AN RAIL WAY STATION (METEO DEPT),JAFER,10,October,3.725,20
G 0007,MA'AN RAIL WAY STATION (METEO DEPT),JAFER,11,November,0.61,20
G 0007,MA'AN RAIL WAY STATION (METEO DEPT),JAFER,12,December,2.76,20
G 0009,UDRUH EVAP.ST,JAFER,1,January,41.97,20
G 0009,UDRUH EVAP.ST,JAFER,2,February,23.11,20
G 0009,UDRUH EVAP.ST,JAFER,3,March,17.89,20
G 0009,UDRUH EVAP.ST,JAFER,4,April,3.8,20
G 0009,UDRUH EVAP.ST,JAFER,5,May,2.32,20
G 0009,UDRUH EVAP.ST,JAFER,6,June,0,20
G 0009,UDRUH EVAP.ST,JAFER,7,July,0,20
G 0009,UDRUH EVAP.ST,JAFER,8,August,0,20
G 0009,UDRUH EVAP.ST,JAFER,9,September,0,20
G 0009,UDRUH EVAP.ST,JAFER,10,October,1.145,20
G 0009,UDRUH EVAP.ST,JAFER,11,November,5.26,20
G 0009,UDRUH EVAP.ST,JAFER,12,December,9.62,20
H 0001,H4 EVAP.ST (METEO DEPT),HAMMAD,1,January,13.125,20
H 0001,H4 EVAP.ST (METEO DEPT),HAMMAD,2,February,14.905,20
H 0001,H4 EVAP.ST (METEO DEPT),HAMMAD,3,March,7.08,20
H 0001,H4 EVAP.ST (METEO DEPT),HAMMAD,4,April,9.39,20
H 0001,H4 EVAP.ST (METEO DEPT),HAMMAD,5,May,2.52,20
H 0001,H4 EVAP.ST (METEO DEPT),HAMMAD,6,June,0,20
H 0001,H4 EVAP.ST (METEO DEPT),HAMMAD,7,July,0,20
H 0001,H4 EVAP.ST (METEO DEPT),HAMMAD,8,August,0,20
H 0001,H4 EVAP.ST (METEO DEPT),HAMMAD,9,September,0,20
H 0001,H4 EVAP.ST (METEO DEPT),HAMMAD,10,October,3.035,20
H 0001,H4 EVAP.ST (METEO DEPT),HAMMAD,11,November,7.485,20
H 0001,H4 EVAP.ST (METEO DEPT),HAMMAD,12,December,9.955,20
